id;nombre;primer_apellido;segundo_apellido;genero;fecha_nacimiento;fecha_contratacion
1;Canadian Dollar;Berkshire Designer;Credit Card Account;navigate;2019-12-13;2019-12-13
2;cross-platform Point Orchestrator;Solomon Islands Licensed;Gloves Bedfordshire Argentine Peso;Kentucky Algerian Dinar Clothing;2019-12-13;2019-12-13
3;turn-key;Sausages;disintermediate Cambridgeshire hacking;bricks-and-clicks Concrete Global;2019-12-13;2019-12-13
4;Profound;parsing;Borders content-based;Tasty Customer Human;2019-12-13;2019-12-13
5;even-keeled Saint Helena Pound;Internal AI optical;bypassing Marketing;Dynamic Home Loan Account Tools;2019-12-13;2019-12-13
6;Supervisor clear-thinking;Latvia;Ports Manager Fish;Networked;2019-12-13;2019-12-13
7;world-class program alarm;Nevada;Berkshire;dedicated Persevering;2019-12-13;2019-12-13
8;Cambridgeshire Investor;cross-platform Borders;Libyan Dinar CSS;sensor;2019-12-13;2019-12-13
9;calculate;Chips;Villages uniform PCI;Automotive Tactics architectures;2019-12-13;2019-12-13
10;Facilitator Incredible functionalities;compressing;Bedfordshire;Maryland Configuration;2019-12-13;2019-12-13
