id;nombre;primer_apellido;segundo_apellido;genero;fecha_nacimiento
1;mobile Fish;Home Loan Account Table Computer;Trace;Savings Account alarm;2019-12-14
2;Producer;Implementation Electronics Officer;methodology Albania;Home Namibia;2019-12-13
3;Gorgeous Frozen Pants;Common;Savings Account syndicate Planner;Refined Rubber Chicken Table;2019-12-13
4;Factors;South Dakota envisioneer Music;Nakfa;Bahamian Dollar Investment Account;2019-12-13
5;Salad;Digitized invoice;convergence;Mayotte;2019-12-13
6;Facilitator;Views e-enable Communications;National Awesome sky blue;Tactics;2019-12-13
7;compress South Georgia and the South Sandwich Islands;compelling mission-critical;bifurcated scalable;Small;2019-12-13
8;index orange;Jewelery;monitor;1080p Checking Account Identity;2019-12-13
9;Internal;Investment Account archive Fantastic Plastic Chicken;payment;withdrawal COM;2019-12-13
10;Frozen bus;hard drive Robust Networked;Poland;Small partnerships;2019-12-13
